# class	signature	evidence	callers
net.runelite.api.Actor	getAnimation(): int	SUBSCRIBE	5
net.runelite.api.Actor	getCombatLevel(): int	LAMBDA,SUBSCRIBE	3
net.runelite.api.Actor	getCurrentOrientation(): int	LAMBDA	1
net.runelite.api.Actor	getGraphic(): int	SUBSCRIBE	2
net.runelite.api.Actor	getHealthRatio(): int	LAMBDA	1
net.runelite.api.Actor	getHealthScale(): int	LAMBDA	1
net.runelite.api.Actor	getInteracting(): Actor	LAMBDA,SUBSCRIBE	2
net.runelite.api.Actor	getLocalLocation(): LocalPoint	LAMBDA,SUBSCRIBE	2
net.runelite.api.Actor	getModel(): Model	LAMBDA	1
net.runelite.api.Actor	getName(): String	LAMBDA,SUBSCRIBE	5
net.runelite.api.Actor	getWorldArea(): WorldArea	LAMBDA	1
net.runelite.api.Actor	getWorldLocation(): WorldPoint	LAMBDA	3
net.runelite.api.Actor	getWorldView(): WorldView	LAMBDA	2
net.runelite.api.Actor	setDead(boolean): void	SUBSCRIBE	1
net.runelite.api.Actor	setOverheadText(String): void	SUBSCRIBE	3
net.runelite.api.CameraFocusableEntity	getCameraFocus(): LocalPoint	LAMBDA	1
net.runelite.api.ChatMessageType	of(int): ChatMessageType	SUBSCRIBE	1
net.runelite.api.ChatMessageType	ordinal(): int	SUBSCRIBE	7
net.runelite.api.ChatPlayer	getWorld(): int	SUBSCRIBE	2
net.runelite.api.Client	addChatMessage(ChatMessageType, String, String, String): MessageNode	SUBSCRIBE	1
net.runelite.api.Client	addChatMessage(ChatMessageType, String, String, String, boolean): MessageNode	LAMBDA,SUBSCRIBE	2
net.runelite.api.Client	changeMemoryMode(boolean): void	LAMBDA,SUBSCRIBE	4
net.runelite.api.Client	changeWorld(World): void	ASSERT	1
net.runelite.api.Client	clearHintArrow(): void	SUBSCRIBE	10
net.runelite.api.Client	closeInterface(WidgetNode, boolean): void	LAMBDA	2
net.runelite.api.Client	createItemSprite(int, int, int, int, int, boolean, int): SpritePixels	LAMBDA	1
net.runelite.api.Client	createMenuEntry(int): MenuEntry	SUBSCRIBE	17
net.runelite.api.Client	createScriptEventBuilder(Object[]): ScriptEventBuilder	LAMBDA	7
net.runelite.api.Client	createWorld(): World	ASSERT,LAMBDA	2
net.runelite.api.Client	draw2010Menu(int): void	SUBSCRIBE	1
net.runelite.api.Client	drawOriginalMenu(int): void	SUBSCRIBE	1
net.runelite.api.Client	getAccountHash(): long	LAMBDA,SUBSCRIBE	3
net.runelite.api.Client	getAmbientSoundEffects(): Deque	SUBSCRIBE	2
net.runelite.api.Client	getArray(int): int[]	SUBSCRIBE	1
net.runelite.api.Client	getBaseX(): int	SUBSCRIBE	1
net.runelite.api.Client	getBaseY(): int	SUBSCRIBE	1
net.runelite.api.Client	getBoostedSkillLevel(Skill): int	LAMBDA,SUBSCRIBE	11
net.runelite.api.Client	getBoostedSkillLevels(): int[]	SUBSCRIBE	1
net.runelite.api.Client	getCameraX(): int	SUBSCRIBE	1
net.runelite.api.Client	getCameraY(): int	SUBSCRIBE	1
net.runelite.api.Client	getCanvas(): Canvas	LAMBDA	1
net.runelite.api.Client	getClanChannel(): ClanChannel	SUBSCRIBE	1
net.runelite.api.Client	getComponentTable(): HashTable	SUBSCRIBE	1
net.runelite.api.Client	getDBRowsByValue(int, int, int, Object): List	LAMBDA,SUBSCRIBE	3
net.runelite.api.Client	getDBTableField(int, int, int): Object[]	LAMBDA,SUBSCRIBE	6
net.runelite.api.Client	getDBTableRows(int): List	LAMBDA	2
net.runelite.api.Client	getDraggedOnWidget(): Widget	SUBSCRIBE	3
net.runelite.api.Client	getDraggedWidget(): Widget	SUBSCRIBE	3
net.runelite.api.Client	getEnum(int): EnumComposition	LAMBDA,SUBSCRIBE	4
net.runelite.api.Client	getFriendContainer(): FriendContainer	SUBSCRIBE	1
net.runelite.api.Client	getFriendsChatManager(): FriendsChatManager	SUBSCRIBE	2
net.runelite.api.Client	getGameCycle(): int	LAMBDA,SUBSCRIBE	5
net.runelite.api.Client	getGameState(): GameState	ASSERT,LAMBDA,SUBSCRIBE	51
net.runelite.api.Client	getGuestClanChannel(): ClanChannel	SUBSCRIBE	1
net.runelite.api.Client	getHintArrowNpc(): NPC	SUBSCRIBE	1
net.runelite.api.Client	getHintArrowPoint(): WorldPoint	SUBSCRIBE	1
net.runelite.api.Client	getIgnoreContainer(): NameableContainer	SUBSCRIBE	1
net.runelite.api.Client	getIndexConfig(): IndexDataBase	LAMBDA	1
net.runelite.api.Client	getIndexScripts(): IndexDataBase	SUBSCRIBE	1
net.runelite.api.Client	getIndexSprites(): IndexDataBase	ASSERT	1
net.runelite.api.Client	getIntStack(): int[]	SUBSCRIBE	25
net.runelite.api.Client	getIntStackSize(): int	SUBSCRIBE	24
net.runelite.api.Client	getItemContainer(InventoryID): ItemContainer	SUBSCRIBE	1
net.runelite.api.Client	getItemContainer(int): ItemContainer	ASSERT,LAMBDA,SUBSCRIBE	24
net.runelite.api.Client	getItemContainers(): HashTable	LAMBDA	1
net.runelite.api.Client	getItemCount(): int	ASSERT,SUBSCRIBE	2
net.runelite.api.Client	getItemDefinition(int): ItemComposition	ASSERT,LAMBDA,SUBSCRIBE	27
net.runelite.api.Client	getKeyboardIdleTicks(): int	SUBSCRIBE	1
net.runelite.api.Client	getLocalDestinationLocation(): LocalPoint	SUBSCRIBE	2
net.runelite.api.Client	getLocalPlayer(): Player	LAMBDA,SUBSCRIBE	96
net.runelite.api.Client	getMapElementConfig(int): MapElementConfig	SUBSCRIBE	1
net.runelite.api.Client	getMenu(): Menu	SUBSCRIBE	6
net.runelite.api.Client	getMenuEntries(): MenuEntry[]	SUBSCRIBE	13
net.runelite.api.Client	getMessages(): IterableHashTable	SUBSCRIBE	3
net.runelite.api.Client	getModIcons(): IndexedSprite[]	ASSERT,LAMBDA,SUBSCRIBE	3
net.runelite.api.Client	getMouseCanvasPosition(): Point	SUBSCRIBE	3
net.runelite.api.Client	getMouseCurrentButton(): int	SUBSCRIBE	3
net.runelite.api.Client	getMouseLastPressedMillis(): long	SUBSCRIBE	1
net.runelite.api.Client	getNpcDefinition(int): NPCComposition	LAMBDA,SUBSCRIBE	7
net.runelite.api.Client	getObjectDefinition(int): ObjectComposition	LAMBDA,SUBSCRIBE	11
net.runelite.api.Client	getObjectStack(): Object[]	SUBSCRIBE	11
net.runelite.api.Client	getObjectStackSize(): int	SUBSCRIBE	11
net.runelite.api.Client	getOculusOrbFocalPointX(): int	SUBSCRIBE	1
net.runelite.api.Client	getOculusOrbFocalPointY(): int	SUBSCRIBE	1
net.runelite.api.Client	getOculusOrbState(): int	SUBSCRIBE	1
net.runelite.api.Client	getOverallExperience(): long	SUBSCRIBE	5
net.runelite.api.Client	getPlane(): int	SUBSCRIBE	10
net.runelite.api.Client	getPlayers(): List	LAMBDA	1
net.runelite.api.Client	getPreferences(): Preferences	SUBSCRIBE	2
net.runelite.api.Client	getRealSkillLevel(Skill): int	LAMBDA,SUBSCRIBE	9
net.runelite.api.Client	getRealSkillLevels(): int[]	SUBSCRIBE	1
net.runelite.api.Client	getRevision(): int	SUBSCRIBE	1
net.runelite.api.Client	getScene(): Scene	LAMBDA,SUBSCRIBE	4
net.runelite.api.Client	getScriptActiveWidget(): Widget	SUBSCRIBE	2
net.runelite.api.Client	getSelectedSceneTile(): Tile	SUBSCRIBE	1
net.runelite.api.Client	getSelectedWidget(): Widget	SUBSCRIBE	2
net.runelite.api.Client	getSkillExperience(Skill): int	LAMBDA,SUBSCRIBE	5
net.runelite.api.Client	getSkillExperiences(): int[]	SUBSCRIBE	1
net.runelite.api.Client	getSpriteOverrides(): Map	LAMBDA	4
net.runelite.api.Client	getSprites(IndexDataBase, int, int): SpritePixels[]	ASSERT	1
net.runelite.api.Client	getStructComposition(int): StructComposition	LAMBDA	1
net.runelite.api.Client	getTextureProvider(): TextureProvider	SUBSCRIBE	1
net.runelite.api.Client	getTickCount(): int	LAMBDA,SUBSCRIBE	36
net.runelite.api.Client	getTopLevelWorldView(): WorldView	LAMBDA,SUBSCRIBE	17
net.runelite.api.Client	getUsername(): String	SUBSCRIBE	1
net.runelite.api.Client	getVarbit(int): VarbitComposition	LAMBDA,SUBSCRIBE	2
net.runelite.api.Client	getVarbitValue(int): int	ASSERT,LAMBDA,SUBSCRIBE	36
net.runelite.api.Client	getVarbitValue(int[], int): int	SUBSCRIBE	2
net.runelite.api.Client	getVarcIntValue(int): int	SUBSCRIBE	1
net.runelite.api.Client	getVarcMap(): Map	SUBSCRIBE	2
net.runelite.api.Client	getVarcStrValue(int): String	LAMBDA,SUBSCRIBE	10
net.runelite.api.Client	getVarpValue(int): int	LAMBDA,SUBSCRIBE	14
net.runelite.api.Client	getVarps(): int[]	SUBSCRIBE	2
net.runelite.api.Client	getWidget(WidgetInfo): Widget	LAMBDA	1
net.runelite.api.Client	getWidget(int): Widget	LAMBDA,SUBSCRIBE	98
net.runelite.api.Client	getWidget(int, int): Widget	ASSERT,LAMBDA,SUBSCRIBE	10
net.runelite.api.Client	getWidgetRoots(): Widget[]	LAMBDA,SUBSCRIBE	8
net.runelite.api.Client	getWidgetSpriteCache(): NodeCache	LAMBDA	2
net.runelite.api.Client	getWorld(): int	LAMBDA,SUBSCRIBE	14
net.runelite.api.Client	getWorldMap(): WorldMap	SUBSCRIBE	1
net.runelite.api.Client	getWorldType(): EnumSet	LAMBDA,SUBSCRIBE	5
net.runelite.api.Client	getWorldView(int): WorldView	SUBSCRIBE	3
net.runelite.api.Client	hopToWorld(World): void	LAMBDA,SUBSCRIBE	2
net.runelite.api.Client	invalidateStretching(boolean): void	SUBSCRIBE	1
net.runelite.api.Client	isClientThread(): boolean	ASSERT	12
net.runelite.api.Client	isInInstancedRegion(): boolean	LAMBDA,SUBSCRIBE	5
net.runelite.api.Client	isKeyPressed(int): boolean	SUBSCRIBE	9
net.runelite.api.Client	isMenuOpen(): boolean	SUBSCRIBE	8
net.runelite.api.Client	isPrayerActive(Prayer): boolean	SUBSCRIBE	1
net.runelite.api.Client	isResized(): boolean	LAMBDA,SUBSCRIBE	3
net.runelite.api.Client	isWidgetSelected(): boolean	SUBSCRIBE	1
net.runelite.api.Client	loadAnimation(int): Animation	LAMBDA	2
net.runelite.api.Client	menuAction(int, int, MenuAction, int, int, String, String): void	LAMBDA	1
net.runelite.api.Client	openInterface(int, int, int): WidgetNode	LAMBDA	1
net.runelite.api.Client	openWorldHopper(): void	LAMBDA,SUBSCRIBE	2
net.runelite.api.Client	playSoundEffect(int): void	LAMBDA,SUBSCRIBE	2
net.runelite.api.Client	playSoundEffect(int, int): void	SUBSCRIBE	1
net.runelite.api.Client	queueChangedSkill(Skill): void	LAMBDA,SUBSCRIBE	2
net.runelite.api.Client	queueChangedVarp(int): void	SUBSCRIBE	1
net.runelite.api.Client	refreshChat(): void	LAMBDA,SUBSCRIBE	3
net.runelite.api.Client	resetHealthBarCaches(): void	LAMBDA	1
net.runelite.api.Client	resizeCanvas(): void	LAMBDA	2
net.runelite.api.Client	runScript(Object[]): void	LAMBDA,SUBSCRIBE	27
net.runelite.api.Client	setDraggedOnWidget(Widget): void	SUBSCRIBE	2
net.runelite.api.Client	setDrawCallbacks(DrawCallbacks): void	LAMBDA	2
net.runelite.api.Client	setExpandedMapLoading(int): void	LAMBDA	3
net.runelite.api.Client	setGameState(GameState): void	LAMBDA	8
net.runelite.api.Client	setGeSearchResultCount(int): void	SUBSCRIBE	2
net.runelite.api.Client	setGeSearchResultIds(short[]): void	SUBSCRIBE	2
net.runelite.api.Client	setGeSearchResultIndex(int): void	SUBSCRIBE	2
net.runelite.api.Client	setGpuFlags(int): void	LAMBDA,SUBSCRIBE	3
net.runelite.api.Client	setHintArrow(NPC): void	SUBSCRIBE	3
net.runelite.api.Client	setHintArrow(WorldPoint): void	SUBSCRIBE	6
net.runelite.api.Client	setIdleTimeout(int): void	SUBSCRIBE	1
net.runelite.api.Client	setInventoryDragDelay(int): void	LAMBDA	2
net.runelite.api.Client	setLoginScreen(SpritePixels): void	LAMBDA	2
net.runelite.api.Client	setMenuEntries(MenuEntry[]): void	SUBSCRIBE	3
net.runelite.api.Client	setMinimapZoom(boolean): void	SUBSCRIBE	1
net.runelite.api.Client	setModIcons(IndexedSprite[]): void	ASSERT,LAMBDA	2
net.runelite.api.Client	setShouldRenderLoginScreenFire(boolean): void	LAMBDA	2
net.runelite.api.Client	setSkyboxColor(int): void	SUBSCRIBE	2
net.runelite.api.Client	setUnlockedFps(boolean): void	LAMBDA	2
net.runelite.api.Client	setUnlockedFpsTarget(int): void	LAMBDA	1
net.runelite.api.Client	setVarbitValue(int[], int, int): void	SUBSCRIBE	2
net.runelite.api.Client	setVarcIntValue(int, int): void	LAMBDA	3
net.runelite.api.Client	setVarcStrValue(int, String): void	LAMBDA	7
net.runelite.api.Client	setWidgetSelected(boolean): void	SUBSCRIBE	2
net.runelite.api.CollisionData	getFlags(): int[][]	LAMBDA	1
net.runelite.api.DecorativeObject	getId(): int	SUBSCRIBE	3
net.runelite.api.Deque	clear(): void	SUBSCRIBE	2
net.runelite.api.EnumComposition	getIntValue(int): int	SUBSCRIBE	2
net.runelite.api.EquipmentInventorySlot	getSlotIdx(): int	LAMBDA,SUBSCRIBE	3
net.runelite.api.EquipmentInventorySlot	values(): EquipmentInventorySlot[]	ASSERT,LAMBDA	2
net.runelite.api.Experience	getCombatLevelPrecise(int, int, int, int, int, int, int): double	SUBSCRIBE	2
net.runelite.api.Experience	getLevelForXp(int): int	SUBSCRIBE	4
net.runelite.api.Experience	getXpForLevel(int): int	SUBSCRIBE	1
net.runelite.api.FriendsChatManager	getCount(): int	SUBSCRIBE	2
net.runelite.api.FriendsChatManager	getSize(): int	SUBSCRIBE	1
net.runelite.api.FriendsChatMember	getName(): String	SUBSCRIBE	2
net.runelite.api.FriendsChatMember	getRank(): FriendsChatRank	SUBSCRIBE	2
net.runelite.api.FriendsChatMember	getWorld(): int	SUBSCRIBE	2
net.runelite.api.FriendsChatRank	getValue(): int	SUBSCRIBE	2
net.runelite.api.GameObject	getId(): int	SUBSCRIBE	15
net.runelite.api.GameObject	getOrientation(): int	SUBSCRIBE	1
net.runelite.api.GameObject	getWorldLocation(): WorldPoint	SUBSCRIBE	5
net.runelite.api.GameObject	sizeX(): int	SUBSCRIBE	1
net.runelite.api.GameObject	sizeY(): int	SUBSCRIBE	1
net.runelite.api.GameState	getState(): int	ASSERT,LAMBDA,SUBSCRIBE	13
net.runelite.api.GameState	ordinal(): int	ASSERT,LAMBDA,SUBSCRIBE	22
net.runelite.api.GrandExchangeOffer	getItemId(): int	SUBSCRIBE	1
net.runelite.api.GrandExchangeOffer	getQuantitySold(): int	SUBSCRIBE	1
net.runelite.api.GrandExchangeOffer	getState(): GrandExchangeOfferState	SUBSCRIBE	1
net.runelite.api.GraphicsObject	getId(): int	SUBSCRIBE	3
net.runelite.api.GraphicsObject	getLocation(): LocalPoint	LAMBDA,SUBSCRIBE	2
net.runelite.api.GroundObject	getId(): int	SUBSCRIBE	1
net.runelite.api.GroundObject	getWorldLocation(): WorldPoint	SUBSCRIBE	1
net.runelite.api.HashTable	get(long): Node	SUBSCRIBE	1
net.runelite.api.HashTable	iterator(): Iterator	LAMBDA	1
net.runelite.api.HealthBarConfig	getHealthBarFrontSpriteId(): int	SUBSCRIBE	1
net.runelite.api.HealthBarConfig	setPadding(int): void	SUBSCRIBE	1
net.runelite.api.Hitsplat	getAmount(): int	SUBSCRIBE	4
net.runelite.api.Hitsplat	getHitsplatType(): int	SUBSCRIBE	1
net.runelite.api.Hitsplat	isMine(): boolean	SUBSCRIBE	4
net.runelite.api.Hitsplat	isOthers(): boolean	SUBSCRIBE	2
net.runelite.api.IndexDataBase	getFileIds(int): int[]	LAMBDA	1
net.runelite.api.IndexDataBase	isOverlayOutdated(): boolean	SUBSCRIBE	1
net.runelite.api.IndexedObjectSet	byIndex(int): Object	LAMBDA	3
net.runelite.api.IndexedObjectSet	iterator(): Iterator	LAMBDA,SUBSCRIBE	2
net.runelite.api.IndexedObjectSet	stream(): Stream	LAMBDA	1
net.runelite.api.Item	<init>(int, int): void	LAMBDA,SUBSCRIBE	2
net.runelite.api.Item	getId(): int	ASSERT,LAMBDA,SUBSCRIBE	13
net.runelite.api.Item	getQuantity(): int	ASSERT,LAMBDA,SUBSCRIBE	4
net.runelite.api.ItemComposition	getId(): int	LAMBDA,SUBSCRIBE	9
net.runelite.api.ItemComposition	getIntValue(int): int	SUBSCRIBE	1
net.runelite.api.ItemComposition	getLinkedNoteId(): int	LAMBDA	1
net.runelite.api.ItemComposition	getMembersName(): String	ASSERT,SUBSCRIBE	3
net.runelite.api.ItemComposition	getName(): String	ASSERT,LAMBDA,SUBSCRIBE	11
net.runelite.api.ItemComposition	getNote(): int	LAMBDA	1
net.runelite.api.ItemComposition	getPlaceholderTemplateId(): int	ASSERT	1
net.runelite.api.ItemComposition	getPrice(): int	LAMBDA	2
net.runelite.api.ItemComposition	getStringValue(int): String	SUBSCRIBE	1
net.runelite.api.ItemComposition	getSubops(): String[][]	LAMBDA	1
net.runelite.api.ItemComposition	isMembers(): boolean	LAMBDA	1
net.runelite.api.ItemComposition	isStackable(): boolean	LAMBDA	2
net.runelite.api.ItemComposition	isTradeable(): boolean	LAMBDA	1
net.runelite.api.ItemContainer	contains(int): boolean	SUBSCRIBE	5
net.runelite.api.ItemContainer	count(): int	SUBSCRIBE	2
net.runelite.api.ItemContainer	find(int): int	SUBSCRIBE	1
net.runelite.api.ItemContainer	getId(): int	LAMBDA	1
net.runelite.api.ItemContainer	getItem(int): Item	LAMBDA,SUBSCRIBE	2
net.runelite.api.ItemContainer	getItems(): Item[]	ASSERT,LAMBDA,SUBSCRIBE	20
net.runelite.api.ItemLayer	getHeight(): int	SUBSCRIBE	1
net.runelite.api.IterableHashTable	get(long): Node	SUBSCRIBE	3
net.runelite.api.Menu	createMenuEntry(int): MenuEntry	SUBSCRIBE	7
net.runelite.api.Menu	getMenuEntries(): MenuEntry[]	SUBSCRIBE	4
net.runelite.api.Menu	removeMenuEntry(MenuEntry): void	SUBSCRIBE	1
net.runelite.api.Menu	setMenuEntries(MenuEntry[]): void	SUBSCRIBE	2
net.runelite.api.MenuAction	getId(): int	SUBSCRIBE	9
net.runelite.api.MenuAction	of(int): MenuAction	LAMBDA,SUBSCRIBE	3
net.runelite.api.MenuAction	ordinal(): int	SUBSCRIBE	5
net.runelite.api.MenuEntry	createSubMenu(): Menu	SUBSCRIBE	4
net.runelite.api.MenuEntry	getIdentifier(): int	SUBSCRIBE	5
net.runelite.api.MenuEntry	getItemId(): int	SUBSCRIBE	1
net.runelite.api.MenuEntry	getNpc(): NPC	SUBSCRIBE	10
net.runelite.api.MenuEntry	getOption(): String	SUBSCRIBE	10
net.runelite.api.MenuEntry	getParam0(): int	SUBSCRIBE	4
net.runelite.api.MenuEntry	getParam1(): int	SUBSCRIBE	6
net.runelite.api.MenuEntry	getPlayer(): Player	SUBSCRIBE	4
net.runelite.api.MenuEntry	getTarget(): String	SUBSCRIBE	10
net.runelite.api.MenuEntry	getType(): MenuAction	SUBSCRIBE	12
net.runelite.api.MenuEntry	getWidget(): Widget	SUBSCRIBE	3
net.runelite.api.MenuEntry	getWorldViewId(): int	SUBSCRIBE	6
net.runelite.api.MenuEntry	onClick(Consumer): MenuEntry	SUBSCRIBE	18
net.runelite.api.MenuEntry	setDeprioritized(boolean): MenuEntry	SUBSCRIBE	3
net.runelite.api.MenuEntry	setForceLeftClick(boolean): MenuEntry	SUBSCRIBE	1
net.runelite.api.MenuEntry	setIdentifier(int): MenuEntry	SUBSCRIBE	7
net.runelite.api.MenuEntry	setItemId(int): MenuEntry	SUBSCRIBE	3
net.runelite.api.MenuEntry	setOption(String): MenuEntry	SUBSCRIBE	21
net.runelite.api.MenuEntry	setParam0(int): MenuEntry	SUBSCRIBE	6
net.runelite.api.MenuEntry	setParam1(int): MenuEntry	SUBSCRIBE	8
net.runelite.api.MenuEntry	setTarget(String): MenuEntry	SUBSCRIBE	25
net.runelite.api.MenuEntry	setType(MenuAction): MenuEntry	SUBSCRIBE	20
net.runelite.api.MenuEntry	setWorldViewId(int): MenuEntry	SUBSCRIBE	3
net.runelite.api.MessageNode	getId(): int	SUBSCRIBE	1
net.runelite.api.MessageNode	getName(): String	SUBSCRIBE	3
net.runelite.api.MessageNode	getRuneLiteFormatMessage(): String	SUBSCRIBE	1
net.runelite.api.MessageNode	getSender(): String	SUBSCRIBE	1
net.runelite.api.MessageNode	getTimestamp(): int	SUBSCRIBE	2
net.runelite.api.MessageNode	getType(): ChatMessageType	SUBSCRIBE	2
net.runelite.api.MessageNode	getValue(): String	SUBSCRIBE	6
net.runelite.api.MessageNode	setName(String): void	SUBSCRIBE	1
net.runelite.api.MessageNode	setRuneLiteFormatMessage(String): void	SUBSCRIBE	3
net.runelite.api.MessageNode	setTimestamp(int): void	SUBSCRIBE	1
net.runelite.api.MessageNode	setValue(String): void	SUBSCRIBE	4
net.runelite.api.NPC	getAnimation(): int	SUBSCRIBE	1
net.runelite.api.NPC	getComposition(): NPCComposition	LAMBDA	1
net.runelite.api.NPC	getId(): int	LAMBDA,SUBSCRIBE	39
net.runelite.api.NPC	getIdlePoseAnimation(): int	LAMBDA	1
net.runelite.api.NPC	getIndex(): int	LAMBDA,SUBSCRIBE	8
net.runelite.api.NPC	getInteracting(): Actor	SUBSCRIBE	1
net.runelite.api.NPC	getName(): String	SUBSCRIBE	5
net.runelite.api.NPC	getPoseAnimation(): int	LAMBDA	1
net.runelite.api.NPC	getTransformedComposition(): NPCComposition	SUBSCRIBE	2
net.runelite.api.NPC	getWorldLocation(): WorldPoint	SUBSCRIBE	4
net.runelite.api.NPC	isDead(): boolean	SUBSCRIBE	4
net.runelite.api.NPC	setDead(boolean): void	SUBSCRIBE	1
net.runelite.api.NPCComposition	getActions(): String[]	LAMBDA	1
net.runelite.api.NPCComposition	getCombatLevel(): int	SUBSCRIBE	1
net.runelite.api.NPCComposition	getId(): int	SUBSCRIBE	2
net.runelite.api.NPCComposition	getName(): String	LAMBDA,SUBSCRIBE	4
net.runelite.api.Nameable	getName(): String	SUBSCRIBE	2
net.runelite.api.Nameable	getPrevName(): String	SUBSCRIBE	1
net.runelite.api.NameableContainer	getCount(): int	SUBSCRIBE	1
net.runelite.api.NodeCache	reset(): void	LAMBDA	2
net.runelite.api.ObjectComposition	getId(): int	SUBSCRIBE	2
net.runelite.api.ObjectComposition	getImpostor(): ObjectComposition	LAMBDA,SUBSCRIBE	8
net.runelite.api.ObjectComposition	getImpostorIds(): int[]	LAMBDA,SUBSCRIBE	7
net.runelite.api.ObjectComposition	getName(): String	LAMBDA,SUBSCRIBE	3
net.runelite.api.Perspective	getClickbox(Client, WorldView, Model, int, int, int, int): Shape	LAMBDA	1
net.runelite.api.Perspective	getTileHeight(Client, LocalPoint, int): int	LAMBDA	1
net.runelite.api.Perspective	localToMinimap(Client, LocalPoint): Point	LAMBDA	2
net.runelite.api.Player	getAnimation(): int	LAMBDA,SUBSCRIBE	9
net.runelite.api.Player	getCanvasTilePoly(): Polygon	SUBSCRIBE	1
net.runelite.api.Player	getCombatLevel(): int	LAMBDA,SUBSCRIBE	4
net.runelite.api.Player	getGraphic(): int	SUBSCRIBE	2
net.runelite.api.Player	getHealthRatio(): int	LAMBDA,SUBSCRIBE	2
net.runelite.api.Player	getHealthScale(): int	LAMBDA	1
net.runelite.api.Player	getId(): int	SUBSCRIBE	1
net.runelite.api.Player	getIdlePoseAnimation(): int	LAMBDA	2
net.runelite.api.Player	getInteracting(): Actor	LAMBDA,SUBSCRIBE	7
net.runelite.api.Player	getLocalLocation(): LocalPoint	LAMBDA,SUBSCRIBE	11
net.runelite.api.Player	getName(): String	LAMBDA,SUBSCRIBE	18
net.runelite.api.Player	getOverheadIcon(): HeadIcon	LAMBDA	1
net.runelite.api.Player	getPlayerComposition(): PlayerComposition	SUBSCRIBE	1
net.runelite.api.Player	getPoseAnimation(): int	LAMBDA	3
net.runelite.api.Player	getSkullIcon(): int	LAMBDA	1
net.runelite.api.Player	getWorldLocation(): WorldPoint	LAMBDA,SUBSCRIBE	25
net.runelite.api.Player	getWorldView(): WorldView	LAMBDA	8
net.runelite.api.Player	isClanMember(): boolean	LAMBDA,SUBSCRIBE	4
net.runelite.api.Player	isFriend(): boolean	LAMBDA,SUBSCRIBE	2
net.runelite.api.Player	isFriendsChatMember(): boolean	LAMBDA,SUBSCRIBE	4
net.runelite.api.Player	isInteracting(): boolean	LAMBDA	3
net.runelite.api.Player	setAnimation(int): void	SUBSCRIBE	1
net.runelite.api.Player	setAnimationFrame(int): void	SUBSCRIBE	1
net.runelite.api.Player	setGraphic(int): void	SUBSCRIBE	1
net.runelite.api.Player	setIdlePoseAnimation(int): void	SUBSCRIBE	1
net.runelite.api.Player	setPoseAnimation(int): void	SUBSCRIBE	1
net.runelite.api.Player	setSpotAnimFrame(int): void	SUBSCRIBE	1
net.runelite.api.PlayerComposition	getEquipmentId(KitType): int	LAMBDA	1
net.runelite.api.PlayerComposition	getEquipmentIds(): int[]	SUBSCRIBE	1
net.runelite.api.PlayerComposition	setHash(): void	SUBSCRIBE	1
net.runelite.api.PlayerComposition	setTransformedNpcId(int): void	SUBSCRIBE	1
net.runelite.api.Point	getX(): int	SUBSCRIBE	2
net.runelite.api.Point	getY(): int	SUBSCRIBE	2
net.runelite.api.Preferences	getRememberedUsername(): String	SUBSCRIBE	1
net.runelite.api.Preferences	getSoundEffectVolume(): int	SUBSCRIBE	1
net.runelite.api.Preferences	setSoundEffectVolume(int): void	SUBSCRIBE	1
net.runelite.api.Projectile	getEndCycle(): int	SUBSCRIBE	1
net.runelite.api.Projectile	getId(): int	SUBSCRIBE	1
net.runelite.api.Projection	project(float, float, float): float[]	LAMBDA	1
net.runelite.api.Quest	getId(): int	LAMBDA	1
net.runelite.api.Quest	getState(Client): QuestState	LAMBDA,SUBSCRIBE	2
net.runelite.api.Quest	values(): Quest[]	LAMBDA,SUBSCRIBE	2
net.runelite.api.RuneLiteObject	setAnimation(Animation): void	LAMBDA	3
net.runelite.api.RuneLiteObject	setModel(Model): void	LAMBDA	3
net.runelite.api.RuneLiteObject	setShouldLoop(boolean): void	LAMBDA	1
net.runelite.api.Scene	getTiles(): Tile[][][]	LAMBDA,SUBSCRIBE	2
net.runelite.api.Scene	isInstance(): boolean	LAMBDA	1
net.runelite.api.Scene	setMinLevel(int): void	SUBSCRIBE	1
net.runelite.api.Scene	setRoofRemovalMode(int): void	LAMBDA,SUBSCRIBE	3
net.runelite.api.ScriptEvent	getArguments(): Object[]	SUBSCRIBE	6
net.runelite.api.ScriptEvent	getSource(): Widget	SUBSCRIBE	2
net.runelite.api.ScriptEvent	run(): void	LAMBDA	7
net.runelite.api.ScriptEventBuilder	build(): ScriptEvent	LAMBDA	7
net.runelite.api.ScriptEventBuilder	setOp(int): ScriptEventBuilder	LAMBDA	2
net.runelite.api.ScriptEventBuilder	setSource(Widget): ScriptEventBuilder	LAMBDA	5
net.runelite.api.Skill	equals(Object): boolean	SUBSCRIBE	1
net.runelite.api.Skill	getName(): String	LAMBDA,SUBSCRIBE	2
net.runelite.api.Skill	ordinal(): int	SUBSCRIBE	5
net.runelite.api.Skill	valueOf(String): Skill	SUBSCRIBE	2
net.runelite.api.Skill	values(): Skill[]	LAMBDA,SUBSCRIBE	5
net.runelite.api.SpritePixels	toBufferedImage(): BufferedImage	ASSERT	1
net.runelite.api.SpritePixels	toBufferedImage(BufferedImage): void	LAMBDA	1
net.runelite.api.TextureProvider	getBrightness(): double	SUBSCRIBE	1
net.runelite.api.Tile	getGameObjects(): GameObject[]	SUBSCRIBE	1
net.runelite.api.Tile	getGroundItems(): List	LAMBDA	1
net.runelite.api.Tile	getItemLayer(): ItemLayer	SUBSCRIBE	1
net.runelite.api.Tile	getLocalLocation(): LocalPoint	SUBSCRIBE	4
net.runelite.api.Tile	getWorldLocation(): WorldPoint	SUBSCRIBE	7
net.runelite.api.TileItem	getId(): int	LAMBDA,SUBSCRIBE	20
net.runelite.api.TileItem	getQuantity(): int	LAMBDA,SUBSCRIBE	8
net.runelite.api.TileObject	getClickbox(): Shape	LAMBDA	1
net.runelite.api.TileObject	getId(): int	LAMBDA	5
net.runelite.api.VarbitComposition	getIndex(): int	LAMBDA,SUBSCRIBE	2
net.runelite.api.WallObject	getId(): int	SUBSCRIBE	3
net.runelite.api.World	getId(): int	SUBSCRIBE	1
net.runelite.api.World	getPlayerCount(): int	SUBSCRIBE	1
net.runelite.api.World	setActivity(String): void	ASSERT,LAMBDA	2
net.runelite.api.World	setAddress(String): void	ASSERT,LAMBDA	2
net.runelite.api.World	setId(int): void	ASSERT,LAMBDA	2
net.runelite.api.World	setLocation(int): void	ASSERT,LAMBDA	2
net.runelite.api.World	setPlayerCount(int): void	ASSERT,LAMBDA	2
net.runelite.api.World	setTypes(EnumSet): void	ASSERT,LAMBDA	2
net.runelite.api.WorldEntity	getConfig(): WorldEntityConfig	LAMBDA	1
net.runelite.api.WorldEntity	getLocalLocation(): LocalPoint	LAMBDA	2
net.runelite.api.WorldEntity	getOrientation(): int	LAMBDA	1
net.runelite.api.WorldEntity	getOwnerType(): int	LAMBDA	1
net.runelite.api.WorldEntity	getTargetLocation(): LocalPoint	LAMBDA	1
net.runelite.api.WorldEntity	getTargetOrientation(): int	LAMBDA	1
net.runelite.api.WorldEntity	getWorldView(): WorldView	LAMBDA,SUBSCRIBE	3
net.runelite.api.WorldEntity	isHiddenForOverlap(): boolean	LAMBDA	1
net.runelite.api.WorldEntity	transformToMainWorld(LocalPoint): LocalPoint	LAMBDA	1
net.runelite.api.WorldView	getBaseX(): int	LAMBDA	1
net.runelite.api.WorldView	getBaseY(): int	LAMBDA	1
net.runelite.api.WorldView	getCollisionMaps(): CollisionData[]	LAMBDA	1
net.runelite.api.WorldView	getId(): int	SUBSCRIBE	3
net.runelite.api.WorldView	getMainWorldProjection(): Projection	LAMBDA	1
net.runelite.api.WorldView	getMapRegions(): int[]	SUBSCRIBE	3
net.runelite.api.WorldView	getPlane(): int	LAMBDA,SUBSCRIBE	6
net.runelite.api.WorldView	getScene(): Scene	LAMBDA,SUBSCRIBE	3
net.runelite.api.WorldView	getSelectedSceneTile(): Tile	SUBSCRIBE	1
net.runelite.api.WorldView	getXteaKeys(): int[][]	SUBSCRIBE	1
net.runelite.api.WorldView	isTopLevel(): boolean	LAMBDA,SUBSCRIBE	4
net.runelite.api.WorldView	npcs(): IndexedObjectSet	LAMBDA,SUBSCRIBE	4
net.runelite.api.WorldView	worldEntities(): IndexedObjectSet	LAMBDA,SUBSCRIBE	3
net.runelite.api.clan.ClanChannel	getMembers(): List	SUBSCRIBE	1
net.runelite.api.clan.ClanChannelMember	getName(): String	SUBSCRIBE	3
net.runelite.api.clan.ClanChannelMember	getWorld(): int	SUBSCRIBE	2
net.runelite.api.coords.Angle	<init>(int): void	SUBSCRIBE	1
net.runelite.api.coords.Angle	getNearestDirection(): Direction	SUBSCRIBE	1
net.runelite.api.coords.Direction	ordinal(): int	SUBSCRIBE	1
net.runelite.api.coords.LocalPoint	distanceTo(LocalPoint): int	LAMBDA	4
net.runelite.api.coords.LocalPoint	fromWorld(Client, WorldPoint): LocalPoint	LAMBDA,SUBSCRIBE	3
net.runelite.api.coords.LocalPoint	fromWorld(WorldView, WorldPoint): LocalPoint	LAMBDA	2
net.runelite.api.coords.LocalPoint	getSceneX(): int	SUBSCRIBE	4
net.runelite.api.coords.LocalPoint	getSceneY(): int	SUBSCRIBE	4
net.runelite.api.coords.LocalPoint	getWorldView(): int	LAMBDA	2
net.runelite.api.coords.LocalPoint	getX(): int	LAMBDA,SUBSCRIBE	4
net.runelite.api.coords.LocalPoint	getY(): int	LAMBDA,SUBSCRIBE	4
net.runelite.api.coords.WorldPoint	<init>(int, int, int): void	SUBSCRIBE	3
net.runelite.api.coords.WorldPoint	distanceTo(WorldPoint): int	LAMBDA,SUBSCRIBE	7
net.runelite.api.coords.WorldPoint	distanceTo2D(WorldPoint): int	SUBSCRIBE	1
net.runelite.api.coords.WorldPoint	dx(int): WorldPoint	SUBSCRIBE	1
net.runelite.api.coords.WorldPoint	dy(int): WorldPoint	SUBSCRIBE	1
net.runelite.api.coords.WorldPoint	equals(Object): boolean	LAMBDA,SUBSCRIBE	7
net.runelite.api.coords.WorldPoint	fromCoord(int): WorldPoint	SUBSCRIBE	3
net.runelite.api.coords.WorldPoint	fromLocal(Client, LocalPoint): WorldPoint	LAMBDA,SUBSCRIBE	4
net.runelite.api.coords.WorldPoint	fromLocal(WorldView, int, int, int): WorldPoint	LAMBDA	2
net.runelite.api.coords.WorldPoint	fromLocalInstance(Client, LocalPoint): WorldPoint	LAMBDA,SUBSCRIBE	5
net.runelite.api.coords.WorldPoint	fromScene(Client, int, int, int): WorldPoint	SUBSCRIBE	6
net.runelite.api.coords.WorldPoint	fromScene(WorldView, int, int, int): WorldPoint	SUBSCRIBE	1
net.runelite.api.coords.WorldPoint	getMirrorPoint(WorldPoint, boolean): WorldPoint	SUBSCRIBE	1
net.runelite.api.coords.WorldPoint	getPlane(): int	LAMBDA,SUBSCRIBE	7
net.runelite.api.coords.WorldPoint	getRegionID(): int	SUBSCRIBE	11
net.runelite.api.coords.WorldPoint	getX(): int	LAMBDA,SUBSCRIBE	8
net.runelite.api.coords.WorldPoint	getY(): int	LAMBDA,SUBSCRIBE	9
net.runelite.api.coords.WorldPoint	isInScene(Client): boolean	SUBSCRIBE	2
net.runelite.api.coords.WorldPoint	isInScene(Client, int, int): boolean	SUBSCRIBE	2
net.runelite.api.events.ActorDeath	getActor(): Actor	SUBSCRIBE	2
net.runelite.api.events.AnimationChanged	getActor(): Actor	SUBSCRIBE	9
net.runelite.api.events.AreaSoundEffectPlayed	consume(): void	SUBSCRIBE	1
net.runelite.api.events.AreaSoundEffectPlayed	getDelay(): int	SUBSCRIBE	1
net.runelite.api.events.AreaSoundEffectPlayed	getRange(): int	SUBSCRIBE	1
net.runelite.api.events.AreaSoundEffectPlayed	getSceneX(): int	SUBSCRIBE	1
net.runelite.api.events.AreaSoundEffectPlayed	getSceneY(): int	SUBSCRIBE	1
net.runelite.api.events.AreaSoundEffectPlayed	getSoundId(): int	SUBSCRIBE	2
net.runelite.api.events.AreaSoundEffectPlayed	getSource(): Actor	SUBSCRIBE	2
net.runelite.api.events.BeforeMenuRender	consume(): void	SUBSCRIBE	1
net.runelite.api.events.ChatMessage	getMessage(): String	SUBSCRIBE	50
net.runelite.api.events.ChatMessage	getMessageNode(): MessageNode	SUBSCRIBE	7
net.runelite.api.events.ChatMessage	getName(): String	SUBSCRIBE	3
net.runelite.api.events.ChatMessage	getTimestamp(): int	SUBSCRIBE	1
net.runelite.api.events.ChatMessage	getType(): ChatMessageType	SUBSCRIBE	53
net.runelite.api.events.ChatMessage	setMessage(String): void	SUBSCRIBE	1
net.runelite.api.events.ChatMessage	setName(String): void	SUBSCRIBE	1
net.runelite.api.events.ClanChannelChanged	getClanChannel(): ClanChannel	SUBSCRIBE	1
net.runelite.api.events.ClanChannelChanged	getClanId(): int	SUBSCRIBE	1
net.runelite.api.events.ClanMemberJoined	getClanChannel(): ClanChannel	SUBSCRIBE	1
net.runelite.api.events.ClanMemberJoined	getClanMember(): ClanChannelMember	SUBSCRIBE	2
net.runelite.api.events.ClanMemberLeft	getClanChannel(): ClanChannel	SUBSCRIBE	1
net.runelite.api.events.ClanMemberLeft	getClanMember(): ClanChannelMember	SUBSCRIBE	2
net.runelite.api.events.CommandExecuted	getArguments(): String[]	SUBSCRIBE	5
net.runelite.api.events.CommandExecuted	getCommand(): String	SUBSCRIBE	8
net.runelite.api.events.DecorativeObjectDespawned	getDecorativeObject(): DecorativeObject	SUBSCRIBE	6
net.runelite.api.events.DecorativeObjectDespawned	getTile(): Tile	SUBSCRIBE	1
net.runelite.api.events.DecorativeObjectSpawned	getDecorativeObject(): DecorativeObject	SUBSCRIBE	7
net.runelite.api.events.DecorativeObjectSpawned	getTile(): Tile	SUBSCRIBE	2
net.runelite.api.events.FakeXpDrop	<init>(Skill, int): void	SUBSCRIBE	1
net.runelite.api.events.FakeXpDrop	getSkill(): Skill	SUBSCRIBE	1
net.runelite.api.events.FocusChanged	isFocused(): boolean	SUBSCRIBE	7
net.runelite.api.events.FriendsChatChanged	isJoined(): boolean	SUBSCRIBE	2
net.runelite.api.events.FriendsChatMemberJoined	getMember(): FriendsChatMember	SUBSCRIBE	2
net.runelite.api.events.FriendsChatMemberLeft	getMember(): FriendsChatMember	SUBSCRIBE	2
net.runelite.api.events.GameObjectDespawned	getGameObject(): GameObject	SUBSCRIBE	10
net.runelite.api.events.GameObjectDespawned	getTile(): Tile	SUBSCRIBE	2
net.runelite.api.events.GameObjectSpawned	getGameObject(): GameObject	SUBSCRIBE	16
net.runelite.api.events.GameObjectSpawned	getTile(): Tile	SUBSCRIBE	3
net.runelite.api.events.GameStateChanged	getGameState(): GameState	SUBSCRIBE	73
net.runelite.api.events.GrandExchangeOfferChanged	getOffer(): GrandExchangeOffer	SUBSCRIBE	1
net.runelite.api.events.GrandExchangeOfferChanged	getSlot(): int	SUBSCRIBE	1
net.runelite.api.events.GrandExchangeSearched	consume(): void	SUBSCRIBE	3
net.runelite.api.events.GrandExchangeSearched	isConsumed(): boolean	SUBSCRIBE	1
net.runelite.api.events.GraphicChanged	getActor(): Actor	SUBSCRIBE	3
net.runelite.api.events.GraphicsObjectCreated	getGraphicsObject(): GraphicsObject	SUBSCRIBE	3
net.runelite.api.events.GroundObjectDespawned	getGroundObject(): GroundObject	SUBSCRIBE	4
net.runelite.api.events.GroundObjectDespawned	getTile(): Tile	SUBSCRIBE	1
net.runelite.api.events.GroundObjectSpawned	getGroundObject(): GroundObject	SUBSCRIBE	6
net.runelite.api.events.GroundObjectSpawned	getTile(): Tile	SUBSCRIBE	1
net.runelite.api.events.HitsplatApplied	getActor(): Actor	SUBSCRIBE	6
net.runelite.api.events.HitsplatApplied	getHitsplat(): Hitsplat	SUBSCRIBE	6
net.runelite.api.events.InteractingChanged	getSource(): Actor	SUBSCRIBE	8
net.runelite.api.events.InteractingChanged	getTarget(): Actor	SUBSCRIBE	8
net.runelite.api.events.ItemContainerChanged	<init>(int, ItemContainer): void	LAMBDA	1
net.runelite.api.events.ItemContainerChanged	getContainerId(): int	ASSERT,SUBSCRIBE	18
net.runelite.api.events.ItemContainerChanged	getItemContainer(): ItemContainer	ASSERT,SUBSCRIBE	21
net.runelite.api.events.ItemDespawned	getItem(): TileItem	SUBSCRIBE	6
net.runelite.api.events.ItemDespawned	getTile(): Tile	SUBSCRIBE	5
net.runelite.api.events.ItemQuantityChanged	getItem(): TileItem	SUBSCRIBE	1
net.runelite.api.events.ItemQuantityChanged	getNewQuantity(): int	SUBSCRIBE	1
net.runelite.api.events.ItemQuantityChanged	getOldQuantity(): int	SUBSCRIBE	1
net.runelite.api.events.ItemQuantityChanged	getTile(): Tile	SUBSCRIBE	1
net.runelite.api.events.ItemSpawned	getItem(): TileItem	SUBSCRIBE	6
net.runelite.api.events.ItemSpawned	getTile(): Tile	SUBSCRIBE	5
net.runelite.api.events.MenuEntryAdded	getActionParam0(): int	SUBSCRIBE	8
net.runelite.api.events.MenuEntryAdded	getActionParam1(): int	SUBSCRIBE	15
net.runelite.api.events.MenuEntryAdded	getIdentifier(): int	SUBSCRIBE	8
net.runelite.api.events.MenuEntryAdded	getItemId(): int	SUBSCRIBE	2
net.runelite.api.events.MenuEntryAdded	getMenuEntry(): MenuEntry	SUBSCRIBE	10
net.runelite.api.events.MenuEntryAdded	getOption(): String	SUBSCRIBE	15
net.runelite.api.events.MenuEntryAdded	getTarget(): String	SUBSCRIBE	13
net.runelite.api.events.MenuEntryAdded	getType(): int	SUBSCRIBE	11
net.runelite.api.events.MenuOpened	getMenuEntries(): MenuEntry[]	SUBSCRIBE	2
net.runelite.api.events.MenuOptionClicked	consume(): void	SUBSCRIBE	4
net.runelite.api.events.MenuOptionClicked	getId(): int	SUBSCRIBE	10
net.runelite.api.events.MenuOptionClicked	getItemId(): int	SUBSCRIBE	2
net.runelite.api.events.MenuOptionClicked	getMenuAction(): MenuAction	SUBSCRIBE	16
net.runelite.api.events.MenuOptionClicked	getMenuEntry(): MenuEntry	SUBSCRIBE	8
net.runelite.api.events.MenuOptionClicked	getMenuOption(): String	SUBSCRIBE	11
net.runelite.api.events.MenuOptionClicked	getMenuTarget(): String	SUBSCRIBE	3
net.runelite.api.events.MenuOptionClicked	getParam0(): int	SUBSCRIBE	9
net.runelite.api.events.MenuOptionClicked	getParam1(): int	SUBSCRIBE	13
net.runelite.api.events.MenuOptionClicked	getWidget(): Widget	SUBSCRIBE	5
net.runelite.api.events.MenuOptionClicked	isItemOp(): boolean	SUBSCRIBE	3
net.runelite.api.events.MenuShouldLeftClick	setForceRightClick(boolean): void	SUBSCRIBE	1
net.runelite.api.events.NameableNameChanged	getNameable(): Nameable	SUBSCRIBE	1
net.runelite.api.events.NpcChanged	getNpc(): NPC	SUBSCRIBE	11
net.runelite.api.events.NpcDespawned	getNpc(): NPC	SUBSCRIBE	20
net.runelite.api.events.NpcSpawned	getNpc(): NPC	SUBSCRIBE	16
net.runelite.api.events.OverheadTextChanged	getActor(): Actor	SUBSCRIBE	3
net.runelite.api.events.OverheadTextChanged	getOverheadText(): String	SUBSCRIBE	3
net.runelite.api.events.PlayerChanged	getPlayer(): Player	SUBSCRIBE	2
net.runelite.api.events.PlayerDespawned	getPlayer(): Player	SUBSCRIBE	3
net.runelite.api.events.PlayerMenuOptionsChanged	getIndex(): int	SUBSCRIBE	1
net.runelite.api.events.PlayerSpawned	getPlayer(): Player	SUBSCRIBE	1
net.runelite.api.events.PostHealthBarConfig	getHealthBarConfig(): HealthBarConfig	SUBSCRIBE	1
net.runelite.api.events.PreMapLoad	getScene(): Scene	SUBSCRIBE	1
net.runelite.api.events.ProjectileMoved	getPosition(): LocalPoint	SUBSCRIBE	1
net.runelite.api.events.ProjectileMoved	getProjectile(): Projectile	SUBSCRIBE	1
net.runelite.api.events.RemovedFriend	getNameable(): Nameable	SUBSCRIBE	1
net.runelite.api.events.ScriptCallbackEvent	getEventName(): String	SUBSCRIBE	23
net.runelite.api.events.ScriptPostFired	getScriptId(): int	SUBSCRIBE	25
net.runelite.api.events.ScriptPreFired	getScriptEvent(): ScriptEvent	SUBSCRIBE	7
net.runelite.api.events.ScriptPreFired	getScriptId(): int	SUBSCRIBE	19
net.runelite.api.events.SoundEffectPlayed	consume(): void	SUBSCRIBE	1
net.runelite.api.events.SoundEffectPlayed	getDelay(): int	SUBSCRIBE	1
net.runelite.api.events.SoundEffectPlayed	getSoundId(): int	SUBSCRIBE	2
net.runelite.api.events.StatChanged	<init>(Skill, int, int, int): void	SUBSCRIBE	1
net.runelite.api.events.StatChanged	getBoostedLevel(): int	SUBSCRIBE	2
net.runelite.api.events.StatChanged	getLevel(): int	SUBSCRIBE	3
net.runelite.api.events.StatChanged	getSkill(): Skill	SUBSCRIBE	10
net.runelite.api.events.StatChanged	getXp(): int	SUBSCRIBE	8
net.runelite.api.events.VarClientIntChanged	getIndex(): int	SUBSCRIBE	2
net.runelite.api.events.VarClientStrChanged	getIndex(): int	SUBSCRIBE	2
net.runelite.api.events.VarbitChanged	<init>(): void	SUBSCRIBE	1
net.runelite.api.events.VarbitChanged	getIndex(): int	SUBSCRIBE	1
net.runelite.api.events.VarbitChanged	getValue(): int	ASSERT,SUBSCRIBE	19
net.runelite.api.events.VarbitChanged	getVarbitId(): int	ASSERT,SUBSCRIBE	22
net.runelite.api.events.VarbitChanged	getVarpId(): int	SUBSCRIBE	19
net.runelite.api.events.VarbitChanged	setValue(int): void	SUBSCRIBE	1
net.runelite.api.events.VarbitChanged	setVarbitId(int): void	SUBSCRIBE	1
net.runelite.api.events.VarbitChanged	setVarpId(int): void	SUBSCRIBE	1
net.runelite.api.events.WallObjectDespawned	getTile(): Tile	SUBSCRIBE	1
net.runelite.api.events.WallObjectDespawned	getWallObject(): WallObject	SUBSCRIBE	4
net.runelite.api.events.WallObjectSpawned	getTile(): Tile	SUBSCRIBE	2
net.runelite.api.events.WallObjectSpawned	getWallObject(): WallObject	SUBSCRIBE	7
net.runelite.api.events.WidgetClosed	getGroupId(): int	SUBSCRIBE	5
net.runelite.api.events.WidgetClosed	getModalMode(): int	SUBSCRIBE	1
net.runelite.api.events.WidgetClosed	isUnload(): boolean	SUBSCRIBE	2
net.runelite.api.events.WidgetLoaded	getGroupId(): int	ASSERT,SUBSCRIBE	27
net.runelite.api.events.WorldListLoad	getWorlds(): World[]	SUBSCRIBE	1
net.runelite.api.events.WorldViewLoaded	getWorldView(): WorldView	SUBSCRIBE	4
net.runelite.api.events.WorldViewUnloaded	getWorldView(): WorldView	SUBSCRIBE	4
net.runelite.api.kit.KitType	getIndex(): int	SUBSCRIBE	1
net.runelite.api.kit.KitType	values(): KitType[]	LAMBDA	1
net.runelite.api.vars.InputType	getType(): int	LAMBDA	2
net.runelite.api.widgets.Widget	createChild(int, int): Widget	LAMBDA	5
net.runelite.api.widgets.Widget	deleteAllChildren(): void	LAMBDA	5
net.runelite.api.widgets.Widget	getActions(): String[]	LAMBDA,SUBSCRIBE	3
net.runelite.api.widgets.Widget	getBounds(): Rectangle	LAMBDA,SUBSCRIBE	2
net.runelite.api.widgets.Widget	getChild(int): Widget	LAMBDA,SUBSCRIBE	15
net.runelite.api.widgets.Widget	getChildren(): Widget[]	LAMBDA,SUBSCRIBE	7
net.runelite.api.widgets.Widget	getClickMask(): int	SUBSCRIBE	1
net.runelite.api.widgets.Widget	getDynamicChildren(): Widget[]	ASSERT,LAMBDA,SUBSCRIBE	9
net.runelite.api.widgets.Widget	getHeight(): int	SUBSCRIBE	1
net.runelite.api.widgets.Widget	getId(): int	LAMBDA,SUBSCRIBE	14
net.runelite.api.widgets.Widget	getIndex(): int	ASSERT,LAMBDA,SUBSCRIBE	7
net.runelite.api.widgets.Widget	getItemId(): int	ASSERT,LAMBDA,SUBSCRIBE	14
net.runelite.api.widgets.Widget	getItemQuantity(): int	ASSERT	1
net.runelite.api.widgets.Widget	getModelId(): int	LAMBDA,SUBSCRIBE	5
net.runelite.api.widgets.Widget	getModelType(): int	SUBSCRIBE	1
net.runelite.api.widgets.Widget	getName(): String	SUBSCRIBE	2
net.runelite.api.widgets.Widget	getOnInvTransmitListener(): Object[]	LAMBDA	4
net.runelite.api.widgets.Widget	getOnLoadListener(): Object[]	LAMBDA	4
net.runelite.api.widgets.Widget	getOnOpListener(): Object[]	LAMBDA,SUBSCRIBE	4
net.runelite.api.widgets.Widget	getOnVarTransmitListener(): Object[]	LAMBDA	3
net.runelite.api.widgets.Widget	getOpacity(): int	SUBSCRIBE	1
net.runelite.api.widgets.Widget	getParent(): Widget	LAMBDA,SUBSCRIBE	7
net.runelite.api.widgets.Widget	getParentId(): int	SUBSCRIBE	2
net.runelite.api.widgets.Widget	getSpriteId(): int	LAMBDA	1
net.runelite.api.widgets.Widget	getStaticChildren(): Widget[]	SUBSCRIBE	3
net.runelite.api.widgets.Widget	getText(): String	LAMBDA,SUBSCRIBE	37
net.runelite.api.widgets.Widget	getType(): int	SUBSCRIBE	2
net.runelite.api.widgets.Widget	getVarTransmitTrigger(): int[]	SUBSCRIBE	1
net.runelite.api.widgets.Widget	getWidth(): int	LAMBDA,SUBSCRIBE	4
net.runelite.api.widgets.Widget	isHidden(): boolean	LAMBDA,SUBSCRIBE	26
net.runelite.api.widgets.Widget	revalidate(): void	LAMBDA	8
net.runelite.api.widgets.Widget	setAction(int, String): void	LAMBDA,SUBSCRIBE	6
net.runelite.api.widgets.Widget	setBorderType(int): void	LAMBDA	1
net.runelite.api.widgets.Widget	setChildren(Widget[]): void	LAMBDA	1
net.runelite.api.widgets.Widget	setClickMask(int): Widget	LAMBDA,SUBSCRIBE	3
net.runelite.api.widgets.Widget	setDragDeadTime(int): void	SUBSCRIBE	1
net.runelite.api.widgets.Widget	setFontId(int): Widget	LAMBDA	2
net.runelite.api.widgets.Widget	setHasListener(boolean): Widget	LAMBDA	2
net.runelite.api.widgets.Widget	setHidden(boolean): Widget	LAMBDA,SUBSCRIBE	9
net.runelite.api.widgets.Widget	setItemId(int): Widget	LAMBDA	1
net.runelite.api.widgets.Widget	setItemQuantity(int): Widget	LAMBDA	1
net.runelite.api.widgets.Widget	setItemQuantityMode(int): Widget	LAMBDA	1
net.runelite.api.widgets.Widget	setModelId(int): Widget	LAMBDA	1
net.runelite.api.widgets.Widget	setName(String): Widget	LAMBDA	4
net.runelite.api.widgets.Widget	setNoClickThrough(boolean): void	LAMBDA	2
net.runelite.api.widgets.Widget	setOnKeyListener(Object[]): void	SUBSCRIBE	1
net.runelite.api.widgets.Widget	setOnMouseLeaveListener(Object[]): void	LAMBDA	1
net.runelite.api.widgets.Widget	setOnMouseOverListener(Object[]): void	LAMBDA	1
net.runelite.api.widgets.Widget	setOnMouseRepeatListener(Object[]): void	LAMBDA,SUBSCRIBE	2
net.runelite.api.widgets.Widget	setOnOpListener(Object[]): void	LAMBDA	5
net.runelite.api.widgets.Widget	setOnTargetEnterListener(Object[]): void	LAMBDA	2
net.runelite.api.widgets.Widget	setOnTargetLeaveListener(Object[]): void	LAMBDA	2
net.runelite.api.widgets.Widget	setOpacity(int): Widget	LAMBDA,SUBSCRIBE	3
net.runelite.api.widgets.Widget	setOriginalHeight(int): Widget	LAMBDA	5
net.runelite.api.widgets.Widget	setOriginalWidth(int): Widget	LAMBDA	4
net.runelite.api.widgets.Widget	setOriginalX(int): Widget	LAMBDA	6
net.runelite.api.widgets.Widget	setOriginalY(int): Widget	LAMBDA	5
net.runelite.api.widgets.Widget	setSpriteId(int): Widget	LAMBDA	3
net.runelite.api.widgets.Widget	setTargetVerb(String): void	LAMBDA	2
net.runelite.api.widgets.Widget	setText(String): Widget	LAMBDA,SUBSCRIBE	17
net.runelite.api.widgets.Widget	setTextColor(int): Widget	LAMBDA	2
net.runelite.api.widgets.Widget	setWidthMode(int): Widget	LAMBDA	2
net.runelite.api.widgets.Widget	setXPositionMode(int): Widget	LAMBDA	4
net.runelite.api.widgets.Widget	setXTextAlignment(int): Widget	LAMBDA	2
net.runelite.api.widgets.Widget	setYPositionMode(int): Widget	LAMBDA	3
net.runelite.api.widgets.Widget	setYTextAlignment(int): Widget	LAMBDA	2
net.runelite.api.widgets.WidgetUtil	componentToId(int): int	LAMBDA,SUBSCRIBE	4
net.runelite.api.widgets.WidgetUtil	componentToInterface(int): int	LAMBDA,SUBSCRIBE	20
net.runelite.api.worldmap.MapElementConfig	getCategory(): int	SUBSCRIBE	1
net.runelite.api.worldmap.WorldMap	getWorldMapRenderer(): WorldMapRenderer	SUBSCRIBE	1
net.runelite.api.worldmap.WorldMapIcon	getCoordinate(): WorldPoint	SUBSCRIBE	1
net.runelite.api.worldmap.WorldMapIcon	getType(): int	SUBSCRIBE	1
net.runelite.api.worldmap.WorldMapRegion	getMapIcons(): Collection	SUBSCRIBE	1
net.runelite.api.worldmap.WorldMapRenderer	getMapRegions(): WorldMapRegion[][]	SUBSCRIBE	1
net.runelite.api.worldmap.WorldMapRenderer	isLoaded(): boolean	SUBSCRIBE	1
